[{"pk": 1, "model": "contenttypes.contenttype", "fields": {"model": "logentry", "name": "log entry", "app_label": "admin"}}, {"pk": 2, "model": "contenttypes.contenttype", "fields": {"model": "permission", "name": "permission", "app_label": "auth"}}, {"pk": 3, "model": "contenttypes.contenttype", "fields": {"model": "group", "name": "group", "app_label": "auth"}}, {"pk": 4, "model": "contenttypes.contenttype", "fields": {"model": "user", "name": "user", "app_label": "auth"}}, {"pk": 5, "model": "contenttypes.contenttype", "fields": {"model": "contenttype", "name": "content type", "app_label": "contenttypes"}}, {"pk": 6, "model": "contenttypes.contenttype", "fields": {"model": "session", "name": "session", "app_label": "sessions"}}, {"pk": 7, "model": "contenttypes.contenttype", "fields": {"model": "aircraft", "name": "aircraft", "app_label": "core"}}, {"pk": 8, "model": "contenttypes.contenttype", "fields": {"model": "checklist", "name": "checklist", "app_label": "core"}}, {"pk": 9, "model": "contenttypes.contenttype", "fields": {"model": "checklistphase", "name": "checklist phase", "app_label": "core"}}, {"pk": 10, "model": "contenttypes.contenttype", "fields": {"model": "checkliststep", "name": "checklist step", "app_label": "core"}}, {"pk": 11, "model": "contenttypes.contenttype", "fields": {"model": "migrationhistory", "name": "migration history", "app_label": "south"}}, {"pk": "4kjwg9gasylr0ln4a9jb7o747nmgkdo2", "model": "sessions.session", "fields": {"expire_date": "2014-08-15T06:42:28.235Z", "session_data": "YTA3MTA3MjZkZDVjMjk1OTg0NmQ1YjE2N2M0Zjk2YmI2YzU0NDU1Yzp7Il9hdXRoX3VzZXJfYmFja2VuZCI6ImRqYW5nby5jb250cmliLmF1dGguYmFja2VuZHMuTW9kZWxCYWNrZW5kIiwiX2F1dGhfdXNlcl9pZCI6MX0="}}, {"pk": "4z1lfkjlmscce1l2kme2klq34or9olnx", "model": "sessions.session", "fields": {"expire_date": "2014-08-18T06:43:47.104Z", "session_data": "YTA3MTA3MjZkZDVjMjk1OTg0NmQ1YjE2N2M0Zjk2YmI2YzU0NDU1Yzp7Il9hdXRoX3VzZXJfYmFja2VuZCI6ImRqYW5nby5jb250cmliLmF1dGguYmFja2VuZHMuTW9kZWxCYWNrZW5kIiwiX2F1dGhfdXNlcl9pZCI6MX0="}}, {"pk": "6qfwyvlyvtfdy26hog0mcggoqtuwlw0n", "model": "sessions.session", "fields": {"expire_date": "2014-08-13T19:03:44.650Z", "session_data": "YTA3MTA3MjZkZDVjMjk1OTg0NmQ1YjE2N2M0Zjk2YmI2YzU0NDU1Yzp7Il9hdXRoX3VzZXJfYmFja2VuZCI6ImRqYW5nby5jb250cmliLmF1dGguYmFja2VuZHMuTW9kZWxCYWNrZW5kIiwiX2F1dGhfdXNlcl9pZCI6MX0="}}, {"pk": "7debtxzzr61dq6hmg7pubtdl2bldd44a", "model": "sessions.session", "fields": {"expire_date": "2014-08-21T12:35:32.114Z", "session_data": "ODQwNTMwMzg5Mjc5Y2YyOTVjNWMyNjE3ZTdiNGQ2NDAyYjVjODkxNTp7fQ=="}}, {"pk": "8yswtn61ptpci4dit62ytzuo38s808qu", "model": "sessions.session", "fields": {"expire_date": "2014-08-22T21:00:39.963Z", "session_data": "YTA3MTA3MjZkZDVjMjk1OTg0NmQ1YjE2N2M0Zjk2YmI2YzU0NDU1Yzp7Il9hdXRoX3VzZXJfYmFja2VuZCI6ImRqYW5nby5jb250cmliLmF1dGguYmFja2VuZHMuTW9kZWxCYWNrZW5kIiwiX2F1dGhfdXNlcl9pZCI6MX0="}}, {"pk": "9ta7he8p9c9js2qqm0fxvr2qns5e7p5v", "model": "sessions.session", "fields": {"expire_date": "2014-08-17T14:51:22.693Z", "session_data": "YTA3MTA3MjZkZDVjMjk1OTg0NmQ1YjE2N2M0Zjk2YmI2YzU0NDU1Yzp7Il9hdXRoX3VzZXJfYmFja2VuZCI6ImRqYW5nby5jb250cmliLmF1dGguYmFja2VuZHMuTW9kZWxCYWNrZW5kIiwiX2F1dGhfdXNlcl9pZCI6MX0="}}, {"pk": "ax31trywmopx0wuvhibtouj7mo4ffpal", "model": "sessions.session", "fields": {"expire_date": "2014-08-18T08:57:39.814Z", "session_data": "YTA3MTA3MjZkZDVjMjk1OTg0NmQ1YjE2N2M0Zjk2YmI2YzU0NDU1Yzp7Il9hdXRoX3VzZXJfYmFja2VuZCI6ImRqYW5nby5jb250cmliLmF1dGguYmFja2VuZHMuTW9kZWxCYWNrZW5kIiwiX2F1dGhfdXNlcl9pZCI6MX0="}}, {"pk": "bgyrccwa3grbzg51jexvkvdyptluxcrd", "model": "sessions.session", "fields": {"expire_date": "2014-08-14T22:59:33.260Z", "session_data": "YTA3MTA3MjZkZDVjMjk1OTg0NmQ1YjE2N2M0Zjk2YmI2YzU0NDU1Yzp7Il9hdXRoX3VzZXJfYmFja2VuZCI6ImRqYW5nby5jb250cmliLmF1dGguYmFja2VuZHMuTW9kZWxCYWNrZW5kIiwiX2F1dGhfdXNlcl9pZCI6MX0="}}, {"pk": "ckophyt4153vjoddybzyuv9cgnramfac", "model": "sessions.session", "fields": {"expire_date": "2014-08-03T08:57:38.437Z", "session_data": "YTA3MTA3MjZkZDVjMjk1OTg0NmQ1YjE2N2M0Zjk2YmI2YzU0NDU1Yzp7Il9hdXRoX3VzZXJfYmFja2VuZCI6ImRqYW5nby5jb250cmliLmF1dGguYmFja2VuZHMuTW9kZWxCYWNrZW5kIiwiX2F1dGhfdXNlcl9pZCI6MX0="}}, {"pk": "coq1elovqhugyj4te0lofrw0qlywi6nm", "model": "sessions.session", "fields": {"expire_date": "2014-08-03T09:18:31.712Z", "session_data": "YTA3MTA3MjZkZDVjMjk1OTg0NmQ1YjE2N2M0Zjk2YmI2YzU0NDU1Yzp7Il9hdXRoX3VzZXJfYmFja2VuZCI6ImRqYW5nby5jb250cmliLmF1dGguYmFja2VuZHMuTW9kZWxCYWNrZW5kIiwiX2F1dGhfdXNlcl9pZCI6MX0="}}, {"pk": "t3khv9hov85u6ulbvai1nlbhbzff72xu", "model": "sessions.session", "fields": {"expire_date": "2014-08-12T20:10:32.749Z", "session_data": "YTA3MTA3MjZkZDVjMjk1OTg0NmQ1YjE2N2M0Zjk2YmI2YzU0NDU1Yzp7Il9hdXRoX3VzZXJfYmFja2VuZCI6ImRqYW5nby5jb250cmliLmF1dGguYmFja2VuZHMuTW9kZWxCYWNrZW5kIiwiX2F1dGhfdXNlcl9pZCI6MX0="}}, {"pk": "vh4jh1ynsv3qbvqc2n5857ced732s2c8", "model": "sessions.session", "fields": {"expire_date": "2014-08-14T22:58:31.010Z", "session_data": "YTA3MTA3MjZkZDVjMjk1OTg0NmQ1YjE2N2M0Zjk2YmI2YzU0NDU1Yzp7Il9hdXRoX3VzZXJfYmFja2VuZCI6ImRqYW5nby5jb250cmliLmF1dGguYmFja2VuZHMuTW9kZWxCYWNrZW5kIiwiX2F1dGhfdXNlcl9pZCI6MX0="}}, {"pk": "vxzik8279okkddq62x34hh0ss5t6sghs", "model": "sessions.session", "fields": {"expire_date": "2014-08-10T20:11:47.208Z", "session_data": "YTA3MTA3MjZkZDVjMjk1OTg0NmQ1YjE2N2M0Zjk2YmI2YzU0NDU1Yzp7Il9hdXRoX3VzZXJfYmFja2VuZCI6ImRqYW5nby5jb250cmliLmF1dGguYmFja2VuZHMuTW9kZWxCYWNrZW5kIiwiX2F1dGhfdXNlcl9pZCI6MX0="}}, {"pk": 1, "model": "south.migrationhistory", "fields": {"applied": "2014-07-24T21:01:50.704Z", "app_name": "core", "migration": "0001_initial"}}, {"pk": 2, "model": "south.migrationhistory", "fields": {"applied": "2014-07-24T21:03:44.285Z", "app_name": "core", "migration": "0002_auto__add_field_checklist_name"}}, {"pk": 3, "model": "south.migrationhistory", "fields": {"applied": "2014-07-27T18:05:42.723Z", "app_name": "core", "migration": "0003_auto__add_field_checklistphase_slug"}}, {"pk": 4, "model": "south.migrationhistory", "fields": {"applied": "2014-07-30T21:47:27.286Z", "app_name": "core", "migration": "0004_auto__add_field_aircraft_class_name"}}, {"pk": 5, "model": "south.migrationhistory", "fields": {"applied": "2014-08-03T14:52:25.826Z", "app_name": "core", "migration": "0005_auto__add_field_checkliststep_order"}}, {"pk": 6, "model": "south.migrationhistory", "fields": {"applied": "2014-08-03T16:30:09.918Z", "app_name": "core", "migration": "0005_auto__del_checklist__del_field_checklistphase_checklist__add_field_che"}}, {"pk": 7, "model": "south.migrationhistory", "fields": {"applied": "2014-08-03T16:30:09.931Z", "app_name": "core", "migration": "0006_auto__add_field_checkliststep_order"}}, {"pk": 8, "model": "south.migrationhistory", "fields": {"applied": "2014-08-03T16:33:47.625Z", "app_name": "core", "migration": "0007_auto__add_field_checklistphase_order"}}, {"pk": 9, "model": "south.migrationhistory", "fields": {"applied": "2014-08-03T17:16:12.585Z", "app_name": "core", "migration": "0008_auto__add_field_aircraft_slug__chg_field_checklistphase_slug"}}, {"pk": 10, "model": "south.migrationhistory", "fields": {"applied": "2014-08-03T18:31:27.974Z", "app_name": "core", "migration": "0009_auto__add_field_aircraft_first_phase_slug"}}, {"pk": 11, "model": "south.migrationhistory", "fields": {"applied": "2014-08-04T07:02:12.840Z", "app_name": "core", "migration": "0010_auto__add_checklist__del_field_aircraft_first_phase_slug__del_field_ch"}}, {"pk": 12, "model": "south.migrationhistory", "fields": {"applied": "2014-08-08T21:02:16.071Z", "app_name": "core", "migration": "0011_auto__del_field_checklist_first_phase_slug__chg_field_checklist_aircra"}}, {"pk": 13, "model": "south.migrationhistory", "fields": {"applied": "2014-08-08T21:22:48.924Z", "app_name": "core", "migration": "0012_auto__chg_field_checklistphase_slug"}}, {"pk": 1, "model": "core.aircraft", "fields": {"class_name": "majestic-dash-8", "name": "Majestic Dash 8 Q400", "slug": "majestic-dash-8-q400"}}, {"pk": 2, "model": "core.aircraft", "fields": {"class_name": "a2a-cessna-172", "name": "A2A Cessna 172", "slug": "a2a-cessna-172"}}, {"pk": 3, "model": "core.aircraft", "fields": {"class_name": "a2a-cherokee", "name": "A2A Cherokee", "slug": "a2a-cherokee"}}, {"pk": 4, "model": "core.aircraft", "fields": {"class_name": "aerosoft-airbus-x", "name": "Aerosoft Airbus X Extended", "slug": "aerosoft-airbus-x-extended"}}, {"pk": 1, "model": "core.checklist", "fields": {"aircraft": 1}}, {"pk": 2, "model": "core.checklist", "fields": {"aircraft": 2}}, {"pk": 3, "model": "core.checklist", "fields": {"aircraft": 3}}, {"pk": 4, "model": "core.checklist", "fields": {"aircraft": 4}}, {"pk": 1, "model": "core.checklistphase", "fields": {"checklist": 1, "slug": "preflight", "order": 1, "name": "Preflight"}}, {"pk": 2, "model": "core.checklistphase", "fields": {"checklist": 1, "slug": "start", "order": 2, "name": "Start"}}, {"pk": 3, "model": "core.checklistphase", "fields": {"checklist": 1, "slug": "after-start", "order": 3, "name": "After Start"}}, {"pk": 4, "model": "core.checklistphase", "fields": {"checklist": 1, "slug": "taxi", "order": 4, "name": "Taxi"}}, {"pk": 5, "model": "core.checklistphase", "fields": {"checklist": 1, "slug": "before-takeoff", "order": 5, "name": "Before Takeoff"}}, {"pk": 6, "model": "core.checklistphase", "fields": {"checklist": 1, "slug": "after-takeoff", "order": 6, "name": "After Takeoff"}}, {"pk": 7, "model": "core.checklistphase", "fields": {"checklist": 1, "slug": "climb", "order": 7, "name": "Climb"}}, {"pk": 8, "model": "core.checklistphase", "fields": {"checklist": 1, "slug": "descent", "order": 8, "name": "Descent"}}, {"pk": 9, "model": "core.checklistphase", "fields": {"checklist": 1, "slug": "approach", "order": 9, "name": "Approach"}}, {"pk": 10, "model": "core.checklistphase", "fields": {"checklist": 1, "slug": "landing", "order": 10, "name": "Landing"}}, {"pk": 11, "model": "core.checklistphase", "fields": {"checklist": 1, "slug": "after-landing", "order": 11, "name": "After Landing"}}, {"pk": 12, "model": "core.checklistphase", "fields": {"checklist": 1, "slug": "shutdown", "order": 12, "name": "Shutdown"}}, {"pk": 13, "model": "core.checklistphase", "fields": {"checklist": 2, "slug": "phase-1", "order": 13, "name": "Cabin"}}, {"pk": 14, "model": "core.checklistphase", "fields": {"checklist": 3, "slug": "cherokee-phase-1", "order": 14, "name": "Upon Entering Cabin"}}, {"pk": 15, "model": "core.checklistphase", "fields": {"checklist": 4, "slug": "airbus-phase-1", "order": 15, "name": "Airbus Phase 1"}}, {"pk": 16, "model": "core.checklistphase", "fields": {"checklist": 2, "slug": "engine-starting", "order": 16, "name": "Engine Starting"}}, {"pk": 17, "model": "core.checklistphase", "fields": {"checklist": 2, "slug": "before-takeoff", "order": 17, "name": "Before Takeoff"}}, {"pk": 18, "model": "core.checklistphase", "fields": {"checklist": 2, "slug": "takeoff", "order": 18, "name": "Takeoff"}}, {"pk": 19, "model": "core.checklistphase", "fields": {"checklist": 2, "slug": "enroute-climb", "order": 19, "name": "Enroute Climb"}}, {"pk": 20, "model": "core.checklistphase", "fields": {"checklist": 2, "slug": "cruise", "order": 20, "name": "Cruise"}}, {"pk": 21, "model": "core.checklistphase", "fields": {"checklist": 2, "slug": "descent", "order": 21, "name": "Descent"}}, {"pk": 22, "model": "core.checklistphase", "fields": {"checklist": 2, "slug": "before-landing", "order": 22, "name": "Before Landing"}}, {"pk": 23, "model": "core.checklistphase", "fields": {"checklist": 2, "slug": "landing", "order": 23, "name": "Landing"}}, {"pk": 24, "model": "core.checklistphase", "fields": {"checklist": 2, "slug": "after-landing", "order": 24, "name": "After Landing"}}, {"pk": 25, "model": "core.checklistphase", "fields": {"checklist": 2, "slug": "securing-airplane", "order": 25, "name": "Securing Airplane"}}, {"pk": 26, "model": "core.checklistphase", "fields": {"checklist": 3, "slug": "engine-starting-and-taxi", "order": 26, "name": "Engine Starting and Taxi"}}, {"pk": 27, "model": "core.checklistphase", "fields": {"checklist": 3, "slug": "ground-check", "order": 27, "name": "Ground Check"}}, {"pk": 28, "model": "core.checklistphase", "fields": {"checklist": 3, "slug": "takeoff", "order": 28, "name": "Takeoff"}}, {"pk": 29, "model": "core.checklistphase", "fields": {"checklist": 3, "slug": "climb", "order": 29, "name": "Climb"}}, {"pk": 30, "model": "core.checklistphase", "fields": {"checklist": 3, "slug": "cruise", "order": 30, "name": "Cruise"}}, {"pk": 31, "model": "core.checklistphase", "fields": {"checklist": 3, "slug": "descent", "order": 31, "name": "Descent"}}, {"pk": 32, "model": "core.checklistphase", "fields": {"checklist": 3, "slug": "landing", "order": 32, "name": "Landing"}}, {"pk": 33, "model": "core.checklistphase", "fields": {"checklist": 3, "slug": "after-landing", "order": 33, "name": "After Landing"}}, {"pk": 34, "model": "core.checklistphase", "fields": {"checklist": 3, "slug": "shutdown", "order": 34, "name": "Shutdown"}}, {"pk": 1, "model": "core.checkliststep", "fields": {"action": "Onboard PNF*", "item": "Documentation", "order": 1, "checklist_phase": 1}}, {"pk": 2, "model": "core.checkliststep", "fields": {"action": "On & Checked PNF", "item": "Batteries", "order": 2, "checklist_phase": 1}}, {"pk": 3, "model": "core.checkliststep", "fields": {"action": "On PNF", "item": "DC External Power/APU", "order": 3, "checklist_phase": 1}}, {"pk": 4, "model": "core.checkliststep", "fields": {"action": "Checked PNF*", "item": "Battery Temps", "order": 4, "checklist_phase": 1}}, {"pk": 5, "model": "core.checkliststep", "fields": {"action": "Checked PNF*", "item": "Bus Voltages", "order": 5, "checklist_phase": 1}}, {"pk": 6, "model": "core.checkliststep", "fields": {"action": "Checked PNF*", "item": "Safety Equipment", "order": 6, "checklist_phase": 1}}, {"pk": 7, "model": "core.checkliststep", "fields": {"action": "Checked 3 PNF*", "item": "Landing Gear Lights & Pins", "order": 7, "checklist_phase": 1}}, {"pk": 8, "model": "core.checkliststep", "fields": {"action": "Green PNF*", "item": "Engine Intake Doors", "order": 8, "checklist_phase": 1}}, {"pk": 9, "model": "core.checkliststep", "fields": {"action": "Checked In PNF", "item": "Circuit Breakers", "order": 9, "checklist_phase": 1}}, {"pk": 10, "model": "core.checkliststep", "fields": {"action": "Norm PNF*", "item": "Alt Gear Door, Inhibit Switch", "order": 10, "checklist_phase": 1}}, {"pk": 11, "model": "core.checkliststep", "fields": {"action": "Tested PNF*", "item": "Fire and Smoke Detection", "order": 11, "checklist_phase": 1}}, {"pk": 12, "model": "core.checkliststep", "fields": {"action": "Off PNF", "item": "Bleed Air", "order": 12, "checklist_phase": 1}}, {"pk": 13, "model": "core.checkliststep", "fields": {"action": "As Required PNF", "item": "APU Bleeds", "order": 13, "checklist_phase": 1}}, {"pk": 14, "model": "core.checkliststep", "fields": {"action": "On PNF*", "item": "Recirc Fan", "order": 14, "checklist_phase": 1}}, {"pk": 15, "model": "core.checkliststep", "fields": {"action": "Set & Checked PNF", "item": "Pressurization", "order": 15, "checklist_phase": 1}}, {"pk": 16, "model": "core.checkliststep", "fields": {"action": "Checked PNF*", "item": "Packs", "order": 16, "checklist_phase": 1}}, {"pk": 17, "model": "core.checkliststep", "fields": {"action": "Armed PNF", "item": "Emergency Lights", "order": 17, "checklist_phase": 1}}, {"pk": 18, "model": "core.checkliststep", "fields": {"action": "Off, __L/__R PNF", "item": "Fuel Transfer, Quantity", "order": 18, "checklist_phase": 1}}, {"pk": 19, "model": "core.checkliststep", "fields": {"action": "On & Checked PNF", "item": "Parking Brake, Pressure", "order": 19, "checklist_phase": 1}}, {"pk": 20, "model": "core.checkliststep", "fields": {"action": "Disc, Fuel Off PNF", "item": "Power and Condition Levers", "order": 20, "checklist_phase": 1}}, {"pk": 21, "model": "core.checkliststep", "fields": {"action": "Off PNF", "item": "Nose Steering", "order": 21, "checklist_phase": 1}}, {"pk": 22, "model": "core.checkliststep", "fields": {"action": "Set PNF", "item": "FMS", "order": 22, "checklist_phase": 1}}, {"pk": 23, "model": "core.checkliststep", "fields": {"action": "Completed PNF", "item": "Takeoff and Departure Briefing", "order": 23, "checklist_phase": 1}}, {"pk": 25, "model": "core.checkliststep", "fields": {"action": "3 Units Set F/O", "item": "Trims", "order": 1, "checklist_phase": 2}}, {"pk": 26, "model": "core.checkliststep", "fields": {"action": "Out F/O", "item": "Doors and Fueling Lights", "order": 2, "checklist_phase": 2}}, {"pk": 27, "model": "core.checkliststep", "fields": {"action": "On F/O", "item": "Passenger Signs", "order": 3, "checklist_phase": 2}}, {"pk": 28, "model": "core.checkliststep", "fields": {"action": "Received F/O", "item": "Cabin Report", "order": 4, "checklist_phase": 2}}, {"pk": 29, "model": "core.checkliststep", "fields": {"action": "Locked F/O", "item": "Flight Deck Door", "order": 5, "checklist_phase": 2}}, {"pk": 30, "model": "core.checkliststep", "fields": {"action": "Red F/O", "item": "Anti-Collision", "order": 6, "checklist_phase": 2}}, {"pk": 31, "model": "core.checkliststep", "fields": {"action": "Off F/O", "item": "APU Bleed", "order": 7, "checklist_phase": 2}}, {"pk": 32, "model": "core.checkliststep", "fields": {"action": "On, __volts F/O", "item": "Battery Master", "order": 8, "checklist_phase": 2}}, {"pk": 33, "model": "core.checkliststep", "fields": {"action": "Up PNF", "item": "Landing Gear", "order": 1, "checklist_phase": 6}}, {"pk": 34, "model": "core.checkliststep", "fields": {"action": "0 PNF", "item": "Flaps", "order": 2, "checklist_phase": 6}}, {"pk": 35, "model": "core.checkliststep", "fields": {"action": "On/Normal PNF", "item": "Bleeds", "order": 3, "checklist_phase": 6}}, {"pk": 36, "model": "core.checkliststep", "fields": {"action": "Set PNF", "item": "Climb Power", "order": 4, "checklist_phase": 6}}, {"pk": 37, "model": "core.checkliststep", "fields": {"action": "Off F/O", "item": "External Power/APU", "order": 1, "checklist_phase": 3}}, {"pk": 38, "model": "core.checkliststep", "fields": {"action": "Off F/O", "item": "Main Bus Tie", "order": 2, "checklist_phase": 3}}, {"pk": 39, "model": "core.checkliststep", "fields": {"action": "Checked F/O", "item": "Electrical Panels", "order": 3, "checklist_phase": 3}}, {"pk": 40, "model": "core.checkliststep", "fields": {"action": "Max F/O", "item": "Condition Levers", "order": 4, "checklist_phase": 3}}, {"pk": 41, "model": "core.checkliststep", "fields": {"action": "Selected F/O", "item": "Autofeather", "order": 6, "checklist_phase": 3}}, {"pk": 42, "model": "core.checkliststep", "fields": {"action": "On F/O", "item": "Fuel Pumps", "order": 7, "checklist_phase": 3}}, {"pk": 43, "model": "core.checkliststep", "fields": {"action": "On, Normal Indication F/O", "item": "Hydraulics", "order": 8, "checklist_phase": 3}}, {"pk": 44, "model": "core.checkliststep", "fields": {"action": "XCheck & Checked F/O", "item": "Flaps & Speeds", "order": 9, "checklist_phase": 3}}, {"pk": 45, "model": "core.checkliststep", "fields": {"action": "Full Travel F/O", "item": "Rudder", "order": 10, "checklist_phase": 3}}, {"pk": 46, "model": "core.checkliststep", "fields": {"action": "On F/O", "item": "Nose Steering", "order": 11, "checklist_phase": 3}}, {"pk": 47, "model": "core.checkliststep", "fields": {"action": "Checked F/O", "item": "PFD MFD ED", "order": 12, "checklist_phase": 3}}, {"pk": 48, "model": "core.checkliststep", "fields": {"action": "On/Minimum F/O", "item": "Bleeds", "order": 13, "checklist_phase": 3}}, {"pk": 49, "model": "core.checkliststep", "fields": {"action": "Checked F/O", "item": "DE-ICE Pressure", "order": 14, "checklist_phase": 3}}, {"pk": 50, "model": "core.checkliststep", "fields": {"action": "Test/Set F/O", "item": "Ice Protection", "order": 15, "checklist_phase": 3}}, {"pk": 51, "model": "core.checkliststep", "fields": {"action": "Alt, On F/O", "item": "XPDR, TCAS", "order": 16, "checklist_phase": 3}}, {"pk": 52, "model": "core.checkliststep", "fields": {"action": "Checked F/O", "item": "Brakes", "order": 1, "checklist_phase": 4}}, {"pk": 53, "model": "core.checkliststep", "fields": {"action": "Tested F/O", "item": "Takeoff Warning", "order": 2, "checklist_phase": 4}}, {"pk": 54, "model": "core.checkliststep", "fields": {"action": "NTOP Or RDC F/O", "item": "Takeoff Power", "order": 3, "checklist_phase": 4}}, {"pk": 55, "model": "core.checkliststep", "fields": {"action": "Checked F/O", "item": "Flight Instruments", "order": 4, "checklist_phase": 4}}, {"pk": 56, "model": "core.checkliststep", "fields": {"action": "Full Travel F/O", "item": "Hydraulic #3 Full Travel", "order": 5, "checklist_phase": 4}}, {"pk": 57, "model": "core.checkliststep", "fields": {"action": "On F/O", "item": "Yaw Damper", "order": 6, "checklist_phase": 4}}, {"pk": 58, "model": "core.checkliststep", "fields": {"action": "Received PF", "item": "Clearances", "order": 7, "checklist_phase": 4}}, {"pk": 59, "model": "core.checkliststep", "fields": {"action": "Received PNF", "item": "Cabin Clear", "order": 8, "checklist_phase": 4}}, {"pk": 60, "model": "core.checkliststep", "fields": {"action": "White F/O", "item": "Anti-Collision", "order": 1, "checklist_phase": 5}}, {"pk": 61, "model": "core.checkliststep", "fields": {"action": "On F/O", "item": "Landing Lights", "order": 2, "checklist_phase": 5}}, {"pk": 62, "model": "core.checkliststep", "fields": {"action": "On F/O", "item": "Pitot/Static Isolation Valve", "order": 3, "checklist_phase": 5}}, {"pk": 63, "model": "core.checkliststep", "fields": {"action": "As Required F/O", "item": "Bleeds", "order": 4, "checklist_phase": 5}}, {"pk": 64, "model": "core.checkliststep", "fields": {"action": "Set & Checked F/O", "item": "GA, HDG, ALTSEL", "order": 5, "checklist_phase": 5}}, {"pk": 65, "model": "core.checkliststep", "fields": {"action": "Clear F/O", "item": "Caution Panel and Warning Lights", "order": 6, "checklist_phase": 5}}, {"pk": 66, "model": "core.checkliststep", "fields": {"action": "Std/__hPa PF & PNF", "item": "Altimeters", "order": 1, "checklist_phase": 7}}, {"pk": 67, "model": "core.checkliststep", "fields": {"action": "As Required PNF", "item": "Ice Protection", "order": 2, "checklist_phase": 7}}, {"pk": 68, "model": "core.checkliststep", "fields": {"action": "Checked PNF", "item": "Pressurization", "order": 3, "checklist_phase": 7}}, {"pk": 69, "model": "core.checkliststep", "fields": {"action": "Normal PNF", "item": "STBY HYD, PTU", "order": 4, "checklist_phase": 7}}, {"pk": 70, "model": "core.checkliststep", "fields": {"action": "Off PNF", "item": "Fuel Pumps", "order": 5, "checklist_phase": 7}}, {"pk": 71, "model": "core.checkliststep", "fields": {"action": "Off PNF", "item": "Auto Feather", "order": 6, "checklist_phase": 7}}, {"pk": 72, "model": "core.checkliststep", "fields": {"action": "Set PNF", "item": "Pressurization", "order": 1, "checklist_phase": 8}}, {"pk": 73, "model": "core.checkliststep", "fields": {"action": "As Required PNF", "item": "GPWS Flaps", "order": 2, "checklist_phase": 8}}, {"pk": 74, "model": "core.checkliststep", "fields": {"action": "Table/Set PNF", "item": "Briefing, MSA, Speeds, DH/MDA", "order": 3, "checklist_phase": 8}}, {"pk": 75, "model": "core.checkliststep", "fields": {"action": "Std/__hPa PF & PNF", "item": "Altimeters", "order": 1, "checklist_phase": 9}}, {"pk": 76, "model": "core.checkliststep", "fields": {"action": "Off PNF", "item": "Fuel Transfer", "order": 2, "checklist_phase": 9}}, {"pk": 77, "model": "core.checkliststep", "fields": {"action": "On PNF", "item": "Fuel Pumps", "order": 3, "checklist_phase": 9}}, {"pk": 78, "model": "core.checkliststep", "fields": {"action": "On PNF", "item": "STBY HYD, PTU", "order": 4, "checklist_phase": 9}}, {"pk": 79, "model": "core.checkliststep", "fields": {"action": "On, Normal Indication PNF", "item": "Hydraulics", "order": 5, "checklist_phase": 9}}, {"pk": 80, "model": "core.checkliststep", "fields": {"action": "On PNF", "item": "Passenger Signs", "order": 6, "checklist_phase": 9}}, {"pk": 81, "model": "core.checkliststep", "fields": {"action": "Clear PNF", "item": "Caution and Warning Lights", "order": 7, "checklist_phase": 9}}, {"pk": 82, "model": "core.checkliststep", "fields": {"action": "Received PNF", "item": "Cabin Clear", "order": 8, "checklist_phase": 9}}, {"pk": 83, "model": "core.checkliststep", "fields": {"action": "As Required PNF", "item": "Ice Protection", "order": 1, "checklist_phase": 10}}, {"pk": 84, "model": "core.checkliststep", "fields": {"action": "Down 3 Green PF", "item": "Landing Gear", "order": 2, "checklist_phase": 10}}, {"pk": 85, "model": "core.checkliststep", "fields": {"action": "1050 or Max PNF", "item": "Condition Levers", "order": 3, "checklist_phase": 10}}, {"pk": 86, "model": "core.checkliststep", "fields": {"action": "Set & Checked PF", "item": "Flaps", "order": 4, "checklist_phase": 10}}, {"pk": 87, "model": "core.checkliststep", "fields": {"action": "Min/As Required PNF", "item": "Bleeds", "order": 5, "checklist_phase": 10}}, {"pk": 88, "model": "core.checkliststep", "fields": {"action": "On F/O", "item": "Control lock", "order": 1, "checklist_phase": 11}}, {"pk": 89, "model": "core.checkliststep", "fields": {"action": "Red F/O", "item": "Anti-Collision", "order": 2, "checklist_phase": 11}}, {"pk": 90, "model": "core.checkliststep", "fields": {"action": "0 F/O", "item": "Flaps", "order": 3, "checklist_phase": 11}}, {"pk": 91, "model": "core.checkliststep", "fields": {"action": "Standby F/O", "item": "Weather Radar", "order": 4, "checklist_phase": 11}}, {"pk": 92, "model": "core.checkliststep", "fields": {"action": "Off F/O", "item": "Fuel Pumps", "order": 5, "checklist_phase": 11}}, {"pk": 93, "model": "core.checkliststep", "fields": {"action": "Taxi F/O", "item": "Flight/Taxi", "order": 6, "checklist_phase": 11}}, {"pk": 94, "model": "core.checkliststep", "fields": {"action": "Off F/O", "item": "Ice Protection", "order": 7, "checklist_phase": 11}}, {"pk": 95, "model": "core.checkliststep", "fields": {"action": "Tie F/O", "item": "Main Bus Tie", "order": 8, "checklist_phase": 11}}, {"pk": 96, "model": "core.checkliststep", "fields": {"action": "Off F/O", "item": "Yaw Damper", "order": 9, "checklist_phase": 11}}, {"pk": 97, "model": "core.checkliststep", "fields": {"action": "On F/O", "item": "Park Brake", "order": 1, "checklist_phase": 12}}, {"pk": 98, "model": "core.checkliststep", "fields": {"action": "Normal F/O", "item": "HYD Pump/PTU", "order": 2, "checklist_phase": 12}}, {"pk": 99, "model": "core.checkliststep", "fields": {"action": "Disc/Start & Feather F/O", "item": "Power and Condition Levers", "order": 3, "checklist_phase": 12}}, {"pk": 100, "model": "core.checkliststep", "fields": {"action": "Off F/O", "item": "Nose Steering", "order": 4, "checklist_phase": 12}}, {"pk": 101, "model": "core.checkliststep", "fields": {"action": "Off F/O", "item": "WXR", "order": 5, "checklist_phase": 12}}, {"pk": 102, "model": "core.checkliststep", "fields": {"action": "Standby F/O", "item": "XPDR/TCAS", "order": 6, "checklist_phase": 12}}, {"pk": 103, "model": "core.checkliststep", "fields": {"action": "Minimum/Off F/O", "item": "Bleeds", "order": 7, "checklist_phase": 12}}, {"pk": 104, "model": "core.checkliststep", "fields": {"action": "As Required F/O", "item": "GPU/APU", "order": 8, "checklist_phase": 12}}, {"pk": 105, "model": "core.checkliststep", "fields": {"action": "Fuel Off F/O", "item": "Condition Levers", "order": 9, "checklist_phase": 12}}, {"pk": 106, "model": "core.checkliststep", "fields": {"action": "Off F/O", "item": "Passenger Signs", "order": 10, "checklist_phase": 12}}, {"pk": 107, "model": "core.checkliststep", "fields": {"action": "As Required F/O", "item": "Lights", "order": 11, "checklist_phase": 12}}, {"pk": 108, "model": "core.checkliststep", "fields": {"action": "As Required F/O", "item": "Battery Master", "order": 12, "checklist_phase": 12}}, {"pk": 109, "model": "core.checkliststep", "fields": {"action": "CHECKED", "item": "Airplane Weight and Balance", "order": 13, "checklist_phase": 14}}, {"pk": 110, "model": "core.checkliststep", "fields": {"action": "REMOVE", "item": "Pitot Tube Cover ", "order": 24, "checklist_phase": 13}}, {"pk": 111, "model": "core.checkliststep", "fields": {"action": "CLOSED and SECURED", "item": "Cabin Door", "order": 25, "checklist_phase": 14}}, {"pk": 112, "model": "core.checkliststep", "fields": {"action": "Airbus Checklist Item 1 action", "item": "Airbus Checklist Item 1", "order": 26, "checklist_phase": 15}}, {"pk": 113, "model": "core.checkliststep", "fields": {"action": "Available in the airplane", "item": "Pilot's Operating Handbook", "order": 27, "checklist_phase": 13}}, {"pk": 114, "model": "core.checkliststep", "fields": {"action": "CHECKED", "item": "Airplane Weight and Balance", "order": 28, "checklist_phase": 13}}, {"pk": 115, "model": "core.checkliststep", "fields": {"action": "SET", "item": "Parking Brake", "order": 29, "checklist_phase": 13}}, {"pk": 116, "model": "core.checkliststep", "fields": {"action": "REMOVE", "item": "Control Wheel Lock", "order": 30, "checklist_phase": 13}}, {"pk": 117, "model": "core.checkliststep", "fields": {"action": "OFF", "item": "Ignition Switch", "order": 31, "checklist_phase": 13}}, {"pk": 118, "model": "core.checkliststep", "fields": {"action": "OFF", "item": "Avionics Master Switch", "order": 32, "checklist_phase": 13}}, {"pk": 119, "model": "core.checkliststep", "fields": {"action": "ON", "item": "Master Switch", "order": 33, "checklist_phase": 13}}, {"pk": 120, "model": "core.checkliststep", "fields": {"action": "Checked", "item": "Fuel Quantity Indicators", "order": 34, "checklist_phase": 13}}, {"pk": 121, "model": "core.checkliststep", "fields": {"action": "ON", "item": "Avionics Master Switch", "order": 35, "checklist_phase": 13}}, {"pk": 122, "model": "core.checkliststep", "fields": {"action": "Check audibly for operation", "item": "Avionics Cooling Fan", "order": 36, "checklist_phase": 13}}, {"pk": 123, "model": "core.checkliststep", "fields": {"action": "OFF", "item": "Avionics Master Switch ", "order": 37, "checklist_phase": 13}}, {"pk": 124, "model": "core.checkliststep", "fields": {"action": "OFF", "item": "Static Pressure Alternate Source Valve", "order": 38, "checklist_phase": 13}}, {"pk": 125, "model": "core.checkliststep", "fields": {"action": "TEST", "item": "Annunciator Panel", "order": 39, "checklist_phase": 13}}, {"pk": 126, "model": "core.checkliststep", "fields": {"action": "BOTH", "item": "Fuel Selector Valve", "order": 40, "checklist_phase": 13}}, {"pk": 127, "model": "core.checkliststep", "fields": {"action": "ON (Push full in)", "item": "Fuel Shutoff Valve", "order": 41, "checklist_phase": 13}}, {"pk": 128, "model": "core.checkliststep", "fields": {"action": "EXTEND", "item": "Flaps", "order": 42, "checklist_phase": 13}}, {"pk": 129, "model": "core.checkliststep", "fields": {"action": "OFF", "item": "Master Switch", "order": 43, "checklist_phase": 13}}, {"pk": 130, "model": "core.checkliststep", "fields": {"action": "SET for takeoff", "item": "Elevator Trim", "order": 44, "checklist_phase": 13}}, {"pk": 131, "model": "core.checkliststep", "fields": {"action": "CRACKED", "item": "Throttle", "order": 45, "checklist_phase": 16}}, {"pk": 132, "model": "core.checkliststep", "fields": {"action": "IDLE", "item": "Mixture", "order": 46, "checklist_phase": 16}}, {"pk": 133, "model": "core.checkliststep", "fields": {"action": "ON", "item": "Master Switch", "order": 47, "checklist_phase": 16}}, {"pk": 134, "model": "core.checkliststep", "fields": {"action": "ON", "item": "Beacon", "order": 48, "checklist_phase": 16}}, {"pk": 135, "model": "core.checkliststep", "fields": {"action": "ON", "item": "Auxiliary Fuel Pump Switch", "order": 49, "checklist_phase": 16}}, {"pk": 136, "model": "core.checkliststep", "fields": {"action": "RICH until stable fuel flow for 3-5 seconds, then set to IDLE CUTOFF", "item": "Mixture", "order": 50, "checklist_phase": 16}}, {"pk": 137, "model": "core.checkliststep", "fields": {"action": "OFF", "item": "Auxiliary Fuel Pump Switch", "order": 51, "checklist_phase": 16}}, {"pk": 138, "model": "core.checkliststep", "fields": {"action": "CLEAR", "item": "Propeller Area", "order": 52, "checklist_phase": 16}}, {"pk": 139, "model": "core.checkliststep", "fields": {"action": "START", "item": "Ignition Switch", "order": 53, "checklist_phase": 16}}, {"pk": 140, "model": "core.checkliststep", "fields": {"action": "ADVANCE", "item": "Mixture", "order": 54, "checklist_phase": 16}}, {"pk": 141, "model": "core.checkliststep", "fields": {"action": "CHECK", "item": "Oil Pressure", "order": 55, "checklist_phase": 16}}, {"pk": 142, "model": "core.checkliststep", "fields": {"action": "ON as required", "item": "Navigation Lights", "order": 56, "checklist_phase": 16}}, {"pk": 143, "model": "core.checkliststep", "fields": {"action": "ON", "item": "Avionics", "order": 57, "checklist_phase": 16}}, {"pk": 144, "model": "core.checkliststep", "fields": {"action": "ON", "item": "Radios", "order": 58, "checklist_phase": 16}}, {"pk": 145, "model": "core.checkliststep", "fields": {"action": "RETRACT", "item": "Flaps", "order": 59, "checklist_phase": 16}}, {"pk": 146, "model": "core.checkliststep", "fields": {"action": "CHECK SECURE", "item": "Seats, Belts and Doors", "order": 60, "checklist_phase": 17}}, {"pk": 147, "model": "core.checkliststep", "fields": {"action": "FREE and CORRECT", "item": "Flight Controls", "order": 61, "checklist_phase": 17}}, {"pk": 148, "model": "core.checkliststep", "fields": {"action": "CHECK and SET", "item": "Flight Instruments", "order": 62, "checklist_phase": 17}}, {"pk": 149, "model": "core.checkliststep", "fields": {"action": "CHECK", "item": "Fuel Quantity", "order": 63, "checklist_phase": 17}}, {"pk": 150, "model": "core.checkliststep", "fields": {"action": "RICH", "item": "Mixture", "order": 64, "checklist_phase": 17}}, {"pk": 151, "model": "core.checkliststep", "fields": {"action": "RECHECK BOTH", "item": "Fuel Selector Valve", "order": 65, "checklist_phase": 17}}, {"pk": 152, "model": "core.checkliststep", "fields": {"action": "1800 RPM", "item": "Throttle", "order": 66, "checklist_phase": 17}}, {"pk": 153, "model": "core.checkliststep", "fields": {"action": "RPM 150 max drop / 50 diff", "item": "Toogle Mags", "order": 67, "checklist_phase": 17}}, {"pk": 154, "model": "core.checkliststep", "fields": {"action": "CHECK", "item": "Engine, Vaccum, Ammeter", "order": 68, "checklist_phase": 17}}, {"pk": 155, "model": "core.checkliststep", "fields": {"action": "Nothing illuminated", "item": "Annunciator Panel", "order": 69, "checklist_phase": 17}}, {"pk": 156, "model": "core.checkliststep", "fields": {"action": "IDLE, then SET 1000RPM", "item": "Throttle", "order": 70, "checklist_phase": 17}}, {"pk": 157, "model": "core.checkliststep", "fields": {"action": "SET", "item": "Radios and Lights", "order": 71, "checklist_phase": 17}}, {"pk": 158, "model": "core.checkliststep", "fields": {"action": "SET", "item": "Elevator Trim", "order": 72, "checklist_phase": 17}}, {"pk": 159, "model": "core.checkliststep", "fields": {"action": "SET (0\u00b0\u201310\u00b0)", "item": "Wing Flaps", "order": 73, "checklist_phase": 17}}, {"pk": 160, "model": "core.checkliststep", "fields": {"action": "SET (0\u00b0\u201310\u00b0)", "item": "Wing Flaps", "order": 74, "checklist_phase": 18}}, {"pk": 161, "model": "core.checkliststep", "fields": {"action": "RICH (lean > 3k ft for max RPM)", "item": "Mixture", "order": 75, "checklist_phase": 18}}, {"pk": 162, "model": "core.checkliststep", "fields": {"action": "Slowly advance to FULL OPEN", "item": "Throttle", "order": 76, "checklist_phase": 18}}, {"pk": 163, "model": "core.checkliststep", "fields": {"action": "LIFT NOSE WHEEL (at 55kias)", "item": "Elevator Control", "order": 77, "checklist_phase": 18}}, {"pk": 164, "model": "core.checkliststep", "fields": {"action": "70\u201380 KIAS", "item": "Climb Speed", "order": 78, "checklist_phase": 18}}, {"pk": 165, "model": "core.checkliststep", "fields": {"action": "RETRACT", "item": "Wing Flaps", "order": 79, "checklist_phase": 18}}, {"pk": 166, "model": "core.checkliststep", "fields": {"action": "70\u201385 KIAS", "item": "Airspeed", "order": 80, "checklist_phase": 19}}, {"pk": 167, "model": "core.checkliststep", "fields": {"action": "FULL OPEN", "item": "Throttle", "order": 81, "checklist_phase": 19}}, {"pk": 168, "model": "core.checkliststep", "fields": {"action": "RICH (above 3k ft for max RPM)", "item": "Mixture", "order": 82, "checklist_phase": 19}}, {"pk": 169, "model": "core.checkliststep", "fields": {"action": "2000\u20132400 RPM", "item": "Power", "order": 83, "checklist_phase": 20}}, {"pk": 170, "model": "core.checkliststep", "fields": {"action": "ADJUST", "item": "Elevator Trim", "order": 84, "checklist_phase": 20}}, {"pk": 171, "model": "core.checkliststep", "fields": {"action": "LEAN", "item": "Mixture", "order": 85, "checklist_phase": 20}}, {"pk": 172, "model": "core.checkliststep", "fields": {"action": "AS DESIRED", "item": "Power", "order": 86, "checklist_phase": 21}}, {"pk": 173, "model": "core.checkliststep", "fields": {"action": "ADJUST for smooth operation", "item": "Mixture", "order": 87, "checklist_phase": 21}}, {"pk": 174, "model": "core.checkliststep", "fields": {"action": "SET", "item": "Altimeter", "order": 88, "checklist_phase": 21}}, {"pk": 175, "model": "core.checkliststep", "fields": {"action": "SET", "item": "NAV/GPS Switch", "order": 89, "checklist_phase": 21}}, {"pk": 176, "model": "core.checkliststep", "fields": {"action": "BOTH", "item": "Fuel Selector Valve", "order": 90, "checklist_phase": 21}}, {"pk": 177, "model": "core.checkliststep", "fields": {"action": "AS DESIRED (0\u00b0\u201310\u00b0)", "item": "Wing Flaps", "order": 91, "checklist_phase": 21}}, {"pk": 178, "model": "core.checkliststep", "fields": {"action": "MOST UPRIGHT POSITION", "item": "Pilot and Passenger Seat Backs", "order": 92, "checklist_phase": 22}}, {"pk": 179, "model": "core.checkliststep", "fields": {"action": "SECURED AND LOCKED", "item": "Seats and Seat Belts", "order": 93, "checklist_phase": 22}}, {"pk": 180, "model": "core.checkliststep", "fields": {"action": "BOTH", "item": "Fuel Selector Valve", "order": 94, "checklist_phase": 22}}, {"pk": 181, "model": "core.checkliststep", "fields": {"action": "RICH", "item": "Mixture", "order": 95, "checklist_phase": 22}}, {"pk": 182, "model": "core.checkliststep", "fields": {"action": "ON", "item": "Landing/Taxi Lights", "order": 96, "checklist_phase": 22}}, {"pk": 183, "model": "core.checkliststep", "fields": {"action": "OFF", "item": "Autopilot (if installed)", "order": 97, "checklist_phase": 22}}, {"pk": 184, "model": "core.checkliststep", "fields": {"action": "65\u201375 KIAS (flaps UP)", "item": "Airspeed", "order": 98, "checklist_phase": 23}}, {"pk": 185, "model": "core.checkliststep", "fields": {"action": "AS DESIRED (0\u00b0\u201310\u00b0 below 110 kias, 10-30 below 85 kias)", "item": "Wing Flaps", "order": 99, "checklist_phase": 23}}, {"pk": 186, "model": "core.checkliststep", "fields": {"action": "60\u201370 KIAS (flaps DOWN)", "item": "Airspeed", "order": 100, "checklist_phase": 23}}, {"pk": 187, "model": "core.checkliststep", "fields": {"action": "MAIN WHEELS FIRST", "item": "Touchdown", "order": 101, "checklist_phase": 23}}, {"pk": 188, "model": "core.checkliststep", "fields": {"action": "LOWER NOSE WHEEL GENTLY", "item": "Landing Roll", "order": 102, "checklist_phase": 23}}, {"pk": 189, "model": "core.checkliststep", "fields": {"action": "MINIMUM REQUIRED", "item": "Braking", "order": 103, "checklist_phase": 23}}, {"pk": 190, "model": "core.checkliststep", "fields": {"action": "UP", "item": "Wing Flaps", "order": 104, "checklist_phase": 24}}, {"pk": 191, "model": "core.checkliststep", "fields": {"action": "SET", "item": "Parking Brake", "order": 105, "checklist_phase": 25}}, {"pk": 192, "model": "core.checkliststep", "fields": {"action": "OFF", "item": "Electrical Equipment, Autopilot (if installed)", "order": 106, "checklist_phase": 25}}, {"pk": 193, "model": "core.checkliststep", "fields": {"action": "OFF", "item": "Avionics Master Switch", "order": 107, "checklist_phase": 25}}, {"pk": 194, "model": "core.checkliststep", "fields": {"action": "IDLE CUT OFF (pulled full out)", "item": "Mixture", "order": 108, "checklist_phase": 25}}, {"pk": 195, "model": "core.checkliststep", "fields": {"action": "OFF", "item": "Ignition Switch", "order": 109, "checklist_phase": 25}}, {"pk": 196, "model": "core.checkliststep", "fields": {"action": "OFF", "item": "Master Switch", "order": 110, "checklist_phase": 25}}, {"pk": 197, "model": "core.checkliststep", "fields": {"action": "INSTALL", "item": "Control Lock", "order": 111, "checklist_phase": 25}}, {"pk": 198, "model": "core.checkliststep", "fields": {"action": "LEFT or RIGHT to prevent cross feeding", "item": "Fuel Selector Valve", "order": 112, "checklist_phase": 25}}, {"pk": 199, "model": "core.checkliststep", "fields": {"action": "REMOVE", "item": "Control Wheel Lock", "order": 113, "checklist_phase": 14}}, {"pk": 200, "model": "core.checkliststep", "fields": {"action": "FREE and CORRECT", "item": "Controls", "order": 114, "checklist_phase": 14}}, {"pk": 201, "model": "core.checkliststep", "fields": {"action": "OFF", "item": "Ignition and Avionics", "order": 115, "checklist_phase": 14}}, {"pk": 202, "model": "core.checkliststep", "fields": {"action": "ON", "item": "Master Switch", "order": 116, "checklist_phase": 14}}, {"pk": 203, "model": "core.checkliststep", "fields": {"action": "CHECKED", "item": "Fuel Quantity", "order": 117, "checklist_phase": 14}}, {"pk": 204, "model": "core.checkliststep", "fields": {"action": "FULLEST TANK", "item": "Fuel Selector", "order": 118, "checklist_phase": 14}}, {"pk": 205, "model": "core.checkliststep", "fields": {"action": "EXTEND then RETRACT", "item": "Flaps", "order": 119, "checklist_phase": 14}}, {"pk": 206, "model": "core.checkliststep", "fields": {"action": "SET for takeoff", "item": "Elevator Trim", "order": 120, "checklist_phase": 14}}, {"pk": 207, "model": "core.checkliststep", "fields": {"action": "ON", "item": "Beacon", "order": 121, "checklist_phase": 14}}, {"pk": 208, "model": "core.checkliststep", "fields": {"action": "ON", "item": "Wheel Brakes", "order": 122, "checklist_phase": 26}}, {"pk": 209, "model": "core.checkliststep", "fields": {"action": "OFF", "item": "Carb Heat", "order": 123, "checklist_phase": 26}}, {"pk": 210, "model": "core.checkliststep", "fields": {"action": "FULLEST TANK", "item": "Fuel Selector", "order": 124, "checklist_phase": 26}}, {"pk": 211, "model": "core.checkliststep", "fields": {"action": "On", "item": "Master Switch", "order": 125, "checklist_phase": 26}}, {"pk": 212, "model": "core.checkliststep", "fields": {"action": "TEST", "item": "Electric Fuel Pump", "order": 126, "checklist_phase": 26}}, {"pk": 213, "model": "core.checkliststep", "fields": {"action": "1\u20133 STROKES", "item": "Primer", "order": 127, "checklist_phase": 26}}, {"pk": 214, "model": "core.checkliststep", "fields": {"action": "RICH", "item": "Mixture", "order": 128, "checklist_phase": 26}}, {"pk": 215, "model": "core.checkliststep", "fields": {"action": "CRACKED", "item": "Throttle", "order": 129, "checklist_phase": 26}}, {"pk": 216, "model": "core.checkliststep", "fields": {"action": "CLEAR", "item": "Area", "order": 130, "checklist_phase": 26}}, {"pk": 217, "model": "core.checkliststep", "fields": {"action": "BOTH", "item": "Ignition", "order": 131, "checklist_phase": 26}}, {"pk": 218, "model": "core.checkliststep", "fields": {"action": "ENGAGE", "item": "Starter", "order": 132, "checklist_phase": 26}}, {"pk": 219, "model": "core.checkliststep", "fields": {"action": "CHECK", "item": "Oil Pressure", "order": 133, "checklist_phase": 26}}, {"pk": 220, "model": "core.checkliststep", "fields": {"action": "POSITIVE INDICATION", "item": "Ammeter", "order": 134, "checklist_phase": 26}}, {"pk": 221, "model": "core.checkliststep", "fields": {"action": "AS REQUIRED", "item": "Nav Lights", "order": 135, "checklist_phase": 26}}, {"pk": 222, "model": "core.checkliststep", "fields": {"action": "SET", "item": "Altimeter", "order": 136, "checklist_phase": 26}}, {"pk": 223, "model": "core.checkliststep", "fields": {"action": "SET", "item": "Heading", "order": 137, "checklist_phase": 26}}, {"pk": 224, "model": "core.checkliststep", "fields": {"action": "ON", "item": "Radio Master", "order": 138, "checklist_phase": 26}}, {"pk": 225, "model": "core.checkliststep", "fields": {"action": "ON", "item": "Radios", "order": 139, "checklist_phase": 26}}, {"pk": 226, "model": "core.checkliststep", "fields": {"action": "2000 RPM", "item": "Throttle", "order": 140, "checklist_phase": 27}}, {"pk": 227, "model": "core.checkliststep", "fields": {"action": "125 max drop", "item": "Mags RPM", "order": 141, "checklist_phase": 27}}, {"pk": 228, "model": "core.checkliststep", "fields": {"action": "CHECK FOR RPM DROP", "item": "Carb Heat", "order": 142, "checklist_phase": 27}}, {"pk": 229, "model": "core.checkliststep", "fields": {"action": "CHECK", "item": "Engine Instruments", "order": 143, "checklist_phase": 27}}, {"pk": 230, "model": "core.checkliststep", "fields": {"action": "CHECK SECURE", "item": "Seats, Belts and Doors", "order": 144, "checklist_phase": 28}}, {"pk": 231, "model": "core.checkliststep", "fields": {"action": "FREE and CORRECT", "item": "Flight Controls", "order": 145, "checklist_phase": 28}}, {"pk": 232, "model": "core.checkliststep", "fields": {"action": "SET", "item": "Elevator Trim", "order": 146, "checklist_phase": 28}}, {"pk": 233, "model": "core.checkliststep", "fields": {"action": "RICH", "item": "Mixture", "order": 147, "checklist_phase": 28}}, {"pk": 234, "model": "core.checkliststep", "fields": {"action": "OFF", "item": "Carb Heat", "order": 148, "checklist_phase": 28}}, {"pk": 235, "model": "core.checkliststep", "fields": {"action": "FULLEST TANK", "item": "Fuel Selector", "order": 149, "checklist_phase": 28}}, {"pk": 236, "model": "core.checkliststep", "fields": {"action": "ON", "item": "Electric Fuel Pump", "order": 150, "checklist_phase": 28}}, {"pk": 237, "model": "core.checkliststep", "fields": {"action": "NORMAL", "item": "Engine Guages", "order": 151, "checklist_phase": 28}}, {"pk": 238, "model": "core.checkliststep", "fields": {"action": "AS REQUIRED", "item": "Wing Flaps", "order": 152, "checklist_phase": 28}}, {"pk": 239, "model": "core.checkliststep", "fields": {"action": "RETRACTED", "item": "Wing Flaps", "order": 153, "checklist_phase": 29}}, {"pk": 240, "model": "core.checkliststep", "fields": {"action": "FULL OPEN", "item": "Throttle", "order": 154, "checklist_phase": 29}}, {"pk": 241, "model": "core.checkliststep", "fields": {"action": "RICH (>5k ft LEAN for max RPM)", "item": "Mixture", "order": 155, "checklist_phase": 29}}, {"pk": 242, "model": "core.checkliststep", "fields": {"action": "74\u201390 mph", "item": "Climb Speed", "order": 156, "checklist_phase": 29}}, {"pk": 243, "model": "core.checkliststep", "fields": {"action": "OFF", "item": "Fuel Pump", "order": 157, "checklist_phase": 29}}, {"pk": 244, "model": "core.checkliststep", "fields": {"action": "2200\u20132650 RPM", "item": "Power", "order": 158, "checklist_phase": 30}}, {"pk": 245, "model": "core.checkliststep", "fields": {"action": "ADJUST", "item": "Elevator Trim", "order": 159, "checklist_phase": 30}}, {"pk": 246, "model": "core.checkliststep", "fields": {"action": "LEAN", "item": "Mixture", "order": 160, "checklist_phase": 30}}, {"pk": 247, "model": "core.checkliststep", "fields": {"action": "AS DESIRED", "item": "Power", "order": 161, "checklist_phase": 31}}, {"pk": 248, "model": "core.checkliststep", "fields": {"action": "RICH", "item": "Mixture", "order": 162, "checklist_phase": 31}}, {"pk": 249, "model": "core.checkliststep", "fields": {"action": "ON", "item": "Electric Fuel Pump", "order": 163, "checklist_phase": 31}}, {"pk": 250, "model": "core.checkliststep", "fields": {"action": "FULLEST TANK", "item": "Fuel Selector", "order": 164, "checklist_phase": 31}}, {"pk": 251, "model": "core.checkliststep", "fields": {"action": "75\u201385 mph (flaps UP)", "item": "Airspeed", "order": 166, "checklist_phase": 32}}, {"pk": 252, "model": "core.checkliststep", "fields": {"action": "AS DESIRED", "item": "Wings Flaps (below 115 mph)", "order": 167, "checklist_phase": 32}}, {"pk": 253, "model": "core.checkliststep", "fields": {"action": "65\u201375 mph (flaps DOWN)", "item": "Airspeed", "order": 168, "checklist_phase": 32}}, {"pk": 254, "model": "core.checkliststep", "fields": {"action": "MAIN WHEELS FIRST", "item": "Touchdown", "order": 169, "checklist_phase": 32}}, {"pk": 255, "model": "core.checkliststep", "fields": {"action": "GENTLY LOWER NOSE", "item": "Landing Roll", "order": 170, "checklist_phase": 32}}, {"pk": 256, "model": "core.checkliststep", "fields": {"action": "MINIMUM REQUIRED", "item": "Braking", "order": 171, "checklist_phase": 32}}, {"pk": 257, "model": "core.checkliststep", "fields": {"action": "RETRACT", "item": "Wing Flaps", "order": 172, "checklist_phase": 33}}, {"pk": 258, "model": "core.checkliststep", "fields": {"action": "SET", "item": "Parking Brake", "order": 173, "checklist_phase": 34}}, {"pk": 259, "model": "core.checkliststep", "fields": {"action": "ON", "item": "Landing Lights", "order": 165, "checklist_phase": 32}}, {"pk": 260, "model": "core.checkliststep", "fields": {"action": "OFF", "item": "Electric Fuel Pump", "order": 174, "checklist_phase": 34}}, {"pk": 261, "model": "core.checkliststep", "fields": {"action": "OFF", "item": "Strobe/Beacon Lights", "order": 175, "checklist_phase": 34}}, {"pk": 262, "model": "core.checkliststep", "fields": {"action": "IDLE CUTOFF", "item": "Mixture", "order": 176, "checklist_phase": 34}}, {"pk": 263, "model": "core.checkliststep", "fields": {"action": "OFF", "item": "Ignition", "order": 177, "checklist_phase": 34}}, {"pk": 1, "model": "auth.permission", "fields": {"codename": "add_logentry", "name": "Can add log entry", "content_type": 1}}, {"pk": 2, "model": "auth.permission", "fields": {"codename": "change_logentry", "name": "Can change log entry", "content_type": 1}}, {"pk": 3, "model": "auth.permission", "fields": {"codename": "delete_logentry", "name": "Can delete log entry", "content_type": 1}}, {"pk": 4, "model": "auth.permission", "fields": {"codename": "add_permission", "name": "Can add permission", "content_type": 2}}, {"pk": 5, "model": "auth.permission", "fields": {"codename": "change_permission", "name": "Can change permission", "content_type": 2}}, {"pk": 6, "model": "auth.permission", "fields": {"codename": "delete_permission", "name": "Can delete permission", "content_type": 2}}, {"pk": 7, "model": "auth.permission", "fields": {"codename": "add_group", "name": "Can add group", "content_type": 3}}, {"pk": 8, "model": "auth.permission", "fields": {"codename": "change_group", "name": "Can change group", "content_type": 3}}, {"pk": 9, "model": "auth.permission", "fields": {"codename": "delete_group", "name": "Can delete group", "content_type": 3}}, {"pk": 10, "model": "auth.permission", "fields": {"codename": "add_user", "name": "Can add user", "content_type": 4}}, {"pk": 11, "model": "auth.permission", "fields": {"codename": "change_user", "name": "Can change user", "content_type": 4}}, {"pk": 12, "model": "auth.permission", "fields": {"codename": "delete_user", "name": "Can delete user", "content_type": 4}}, {"pk": 13, "model": "auth.permission", "fields": {"codename": "add_contenttype", "name": "Can add content type", "content_type": 5}}, {"pk": 14, "model": "auth.permission", "fields": {"codename": "change_contenttype", "name": "Can change content type", "content_type": 5}}, {"pk": 15, "model": "auth.permission", "fields": {"codename": "delete_contenttype", "name": "Can delete content type", "content_type": 5}}, {"pk": 16, "model": "auth.permission", "fields": {"codename": "add_session", "name": "Can add session", "content_type": 6}}, {"pk": 17, "model": "auth.permission", "fields": {"codename": "change_session", "name": "Can change session", "content_type": 6}}, {"pk": 18, "model": "auth.permission", "fields": {"codename": "delete_session", "name": "Can delete session", "content_type": 6}}, {"pk": 19, "model": "auth.permission", "fields": {"codename": "add_aircraft", "name": "Can add aircraft", "content_type": 7}}, {"pk": 20, "model": "auth.permission", "fields": {"codename": "change_aircraft", "name": "Can change aircraft", "content_type": 7}}, {"pk": 21, "model": "auth.permission", "fields": {"codename": "delete_aircraft", "name": "Can delete aircraft", "content_type": 7}}, {"pk": 22, "model": "auth.permission", "fields": {"codename": "add_checklist", "name": "Can add checklist", "content_type": 8}}, {"pk": 23, "model": "auth.permission", "fields": {"codename": "change_checklist", "name": "Can change checklist", "content_type": 8}}, {"pk": 24, "model": "auth.permission", "fields": {"codename": "delete_checklist", "name": "Can delete checklist", "content_type": 8}}, {"pk": 25, "model": "auth.permission", "fields": {"codename": "add_checklistphase", "name": "Can add checklist phase", "content_type": 9}}, {"pk": 26, "model": "auth.permission", "fields": {"codename": "change_checklistphase", "name": "Can change checklist phase", "content_type": 9}}, {"pk": 27, "model": "auth.permission", "fields": {"codename": "delete_checklistphase", "name": "Can delete checklist phase", "content_type": 9}}, {"pk": 28, "model": "auth.permission", "fields": {"codename": "add_checkliststep", "name": "Can add checklist step", "content_type": 10}}, {"pk": 29, "model": "auth.permission", "fields": {"codename": "change_checkliststep", "name": "Can change checklist step", "content_type": 10}}, {"pk": 30, "model": "auth.permission", "fields": {"codename": "delete_checkliststep", "name": "Can delete checklist step", "content_type": 10}}, {"pk": 31, "model": "auth.permission", "fields": {"codename": "add_migrationhistory", "name": "Can add migration history", "content_type": 11}}, {"pk": 32, "model": "auth.permission", "fields": {"codename": "change_migrationhistory", "name": "Can change migration history", "content_type": 11}}, {"pk": 33, "model": "auth.permission", "fields": {"codename": "delete_migrationhistory", "name": "Can delete migration history", "content_type": 11}}, {"pk": 1, "model": "auth.user", "fields": {"username": "wills", "first_name": "", "last_name": "", "is_active": true, "is_superuser": true, "is_staff": true, "last_login": "2014-08-08T21:00:39.961Z", "groups": [], "user_permissions": [], "password": "pbkdf2_sha256$12000$ZT7aQlafJWZK$++bxMsLgegwNzGay5rEcA7mX5juI2nQc6o28ITCG5Es=", "email": "s@me.com", "date_joined": "2014-07-20T08:57:29.711Z"}}, {"pk": 2, "model": "admin.logentry", "fields": {"action_flag": 1, "action_time": "2014-07-20T12:31:09.624Z", "object_repr": "Majestic Dash 8 Q400", "object_id": "1", "change_message": "", "user": 1, "content_type": 7}}, {"pk": 3, "model": "admin.logentry", "fields": {"action_flag": 1, "action_time": "2014-07-20T12:31:58.406Z", "object_repr": "Checklist for Majestic Dash 8 Q400", "object_id": "1", "change_message": "", "user": 1, "content_type": 8}}, {"pk": 4, "model": "admin.logentry", "fields": {"action_flag": 2, "action_time": "2014-07-20T12:33:16.197Z", "object_repr": "Checklist for Majestic Dash 8 Q400", "object_id": "1", "change_message": "Added checklist phase \"Start\".", "user": 1, "content_type": 8}}, {"pk": 5, "model": "admin.logentry", "fields": {"action_flag": 2, "action_time": "2014-07-20T12:34:53.282Z", "object_repr": "Checklist for Majestic Dash 8 Q400", "object_id": "1", "change_message": "Added checklist phase \"After Start\". Added checklist phase \"Taxi\". Added checklist phase \"Before Takeoff\". Added checklist phase \"After Takeoff\". Added checklist phase \"Climb\". Added checklist phase \"Descent\". Added checklist phase \"Approach\". Added checklist phase \"Landing\". Added checklist phase \"After Landing\". Added checklist phase \"Shutdown\".", "user": 1, "content_type": 8}}, {"pk": 6, "model": "admin.logentry", "fields": {"action_flag": 2, "action_time": "2014-07-20T15:12:22.224Z", "object_repr": "Checklist for Majestic Dash 8 Q400", "object_id": "1", "change_message": "No fields changed.", "user": 1, "content_type": 8}}, {"pk": 7, "model": "admin.logentry", "fields": {"action_flag": 2, "action_time": "2014-07-20T15:32:01.654Z", "object_repr": "Checklist for Majestic Dash 8 Q400", "object_id": "1", "change_message": "No fields changed.", "user": 1, "content_type": 8}}, {"pk": 8, "model": "admin.logentry", "fields": {"action_flag": 1, "action_time": "2014-07-24T20:17:39.398Z", "object_repr": "A2A Cessna 172", "object_id": "2", "change_message": "", "user": 1, "content_type": 7}}, {"pk": 9, "model": "admin.logentry", "fields": {"action_flag": 1, "action_time": "2014-07-24T20:17:49.472Z", "object_repr": "A2A Cherokee", "object_id": "3", "change_message": "", "user": 1, "content_type": 7}}, {"pk": 10, "model": "admin.logentry", "fields": {"action_flag": 1, "action_time": "2014-07-24T20:19:01.466Z", "object_repr": "Checklist for A2A Cessna 172", "object_id": "2", "change_message": "", "user": 1, "content_type": 8}}, {"pk": 11, "model": "admin.logentry", "fields": {"action_flag": 2, "action_time": "2014-07-24T21:20:34.542Z", "object_repr": "A2A Cessna 172: A2A Official Checklist", "object_id": "2", "change_message": "Changed name.", "user": 1, "content_type": 8}}, {"pk": 12, "model": "admin.logentry", "fields": {"action_flag": 2, "action_time": "2014-07-24T21:20:44.913Z", "object_repr": "Majestic Dash 8 Q400: Majestic Official Checklist", "object_id": "1", "change_message": "Changed name.", "user": 1, "content_type": 8}}, {"pk": 13, "model": "admin.logentry", "fields": {"action_flag": 2, "action_time": "2014-07-24T21:35:27.381Z", "object_repr": "Majestic Dash 8 Q400: Majestic Official Checklist", "object_id": "1", "change_message": "No fields changed.", "user": 1, "content_type": 8}}, {"pk": 14, "model": "admin.logentry", "fields": {"action_flag": 2, "action_time": "2014-07-24T21:38:13.279Z", "object_repr": "Majestic Dash 8 Q400: Majestic Official Checklist", "object_id": "1", "change_message": "No fields changed.", "user": 1, "content_type": 8}}, {"pk": 15, "model": "admin.logentry", "fields": {"action_flag": 2, "action_time": "2014-07-24T21:39:35.065Z", "object_repr": "Majestic Dash 8 Q400: Majestic Official Checklist", "object_id": "1", "change_message": "No fields changed.", "user": 1, "content_type": 8}}, {"pk": 16, "model": "admin.logentry", "fields": {"action_flag": 2, "action_time": "2014-07-25T18:27:57.775Z", "object_repr": "Majestic Dash 8 Q400: Airline2Sim Checklist", "object_id": "1", "change_message": "Changed name.", "user": 1, "content_type": 8}}, {"pk": 17, "model": "admin.logentry", "fields": {"action_flag": 2, "action_time": "2014-07-25T18:30:14.327Z", "object_repr": "Majestic Dash 8 Q400: Airline2Sim Checklist", "object_id": "1", "change_message": "No fields changed.", "user": 1, "content_type": 8}}, {"pk": 18, "model": "admin.logentry", "fields": {"action_flag": 2, "action_time": "2014-07-25T19:28:28.686Z", "object_repr": "Majestic Dash 8 Q400: Airline2Sim Checklist", "object_id": "1", "change_message": "No fields changed.", "user": 1, "content_type": 8}}, {"pk": 19, "model": "admin.logentry", "fields": {"action_flag": 2, "action_time": "2014-07-27T18:09:38.532Z", "object_repr": "Majestic Dash 8 Q400: Airline2Sim Checklist", "object_id": "1", "change_message": "No fields changed.", "user": 1, "content_type": 8}}, {"pk": 20, "model": "admin.logentry", "fields": {"action_flag": 2, "action_time": "2014-07-27T18:13:43.911Z", "object_repr": "Majestic Dash 8 Q400: Airline2Sim Checklist", "object_id": "1", "change_message": "No fields changed.", "user": 1, "content_type": 8}}, {"pk": 21, "model": "admin.logentry", "fields": {"action_flag": 2, "action_time": "2014-07-27T18:14:21.495Z", "object_repr": "Majestic Dash 8 Q400: Airline2Sim Checklist", "object_id": "1", "change_message": "No fields changed.", "user": 1, "content_type": 8}}, {"pk": 22, "model": "admin.logentry", "fields": {"action_flag": 2, "action_time": "2014-07-27T18:15:58.015Z", "object_repr": "Majestic Dash 8 Q400: Airline2Sim Checklist", "object_id": "1", "change_message": "No fields changed.", "user": 1, "content_type": 8}}, {"pk": 23, "model": "admin.logentry", "fields": {"action_flag": 2, "action_time": "2014-07-27T18:17:18.774Z", "object_repr": "Majestic Dash 8 Q400: Airline2Sim Checklist", "object_id": "1", "change_message": "Changed name for checklist phase \"Preflight2\".", "user": 1, "content_type": 8}}, {"pk": 24, "model": "admin.logentry", "fields": {"action_flag": 2, "action_time": "2014-07-27T18:17:39.107Z", "object_repr": "Majestic Dash 8 Q400: Airline2Sim Checklist", "object_id": "1", "change_message": "Changed name for checklist phase \"Preflight\".", "user": 1, "content_type": 8}}, {"pk": 25, "model": "admin.logentry", "fields": {"action_flag": 2, "action_time": "2014-07-27T18:18:43.903Z", "object_repr": "Majestic Dash 8 Q400: Airline2Sim Checklist", "object_id": "1", "change_message": "No fields changed.", "user": 1, "content_type": 8}}, {"pk": 26, "model": "admin.logentry", "fields": {"action_flag": 2, "action_time": "2014-07-29T20:36:03.396Z", "object_repr": "Majestic Dash 8 Q400: Airline2Sim Checklist", "object_id": "1", "change_message": "No fields changed.", "user": 1, "content_type": 8}}, {"pk": 27, "model": "admin.logentry", "fields": {"action_flag": 1, "action_time": "2014-07-30T21:35:10.535Z", "object_repr": "Aerosoft Airbus X Extended", "object_id": "4", "change_message": "", "user": 1, "content_type": 7}}, {"pk": 28, "model": "admin.logentry", "fields": {"action_flag": 1, "action_time": "2014-07-30T21:35:40.810Z", "object_repr": "Aerosoft Airbus X Extended: Aerosoft Official Checklist", "object_id": "3", "change_message": "", "user": 1, "content_type": 8}}, {"pk": 29, "model": "admin.logentry", "fields": {"action_flag": 2, "action_time": "2014-07-30T21:37:41.480Z", "object_repr": "Aerosoft Airbus X Extended: Aerosoft Official Checklist", "object_id": "3", "change_message": "Added checklist phase \"Cockpit Preparation\".", "user": 1, "content_type": 8}}, {"pk": 30, "model": "admin.logentry", "fields": {"action_flag": 2, "action_time": "2014-07-30T21:48:25.543Z", "object_repr": "Majestic Dash 8 Q400", "object_id": "1", "change_message": "Changed class_name.", "user": 1, "content_type": 7}}, {"pk": 31, "model": "admin.logentry", "fields": {"action_flag": 2, "action_time": "2014-07-30T21:48:45.111Z", "object_repr": "Aerosoft Airbus X Extended", "object_id": "4", "change_message": "Changed class_name.", "user": 1, "content_type": 7}}, {"pk": 32, "model": "admin.logentry", "fields": {"action_flag": 2, "action_time": "2014-07-30T21:48:57.567Z", "object_repr": "A2A Cherokee", "object_id": "3", "change_message": "Changed class_name.", "user": 1, "content_type": 7}}, {"pk": 33, "model": "admin.logentry", "fields": {"action_flag": 2, "action_time": "2014-07-30T21:49:12.400Z", "object_repr": "A2A Cessna 172", "object_id": "2", "change_message": "Changed class_name.", "user": 1, "content_type": 7}}, {"pk": 34, "model": "admin.logentry", "fields": {"action_flag": 2, "action_time": "2014-08-03T15:20:05.930Z", "object_repr": "Majestic Dash 8 Q400: Airline2Sim Checklist", "object_id": "1", "change_message": "No fields changed.", "user": 1, "content_type": 8}}, {"pk": 35, "model": "admin.logentry", "fields": {"action_flag": 1, "action_time": "2014-08-04T07:08:50.034Z", "object_repr": "Majestic Dash 8 Q400 checklist", "object_id": "1", "change_message": "", "user": 1, "content_type": 8}}, {"pk": 36, "model": "admin.logentry", "fields": {"action_flag": 2, "action_time": "2014-08-04T07:11:13.605Z", "object_repr": "Majestic Dash 8 Q400 checklist", "object_id": "1", "change_message": "No fields changed.", "user": 1, "content_type": 8}}, {"pk": 37, "model": "admin.logentry", "fields": {"action_flag": 1, "action_time": "2014-08-08T21:18:03.299Z", "object_repr": "A2A Cessna 172 checklist", "object_id": "2", "change_message": "", "user": 1, "content_type": 8}}, {"pk": 38, "model": "admin.logentry", "fields": {"action_flag": 1, "action_time": "2014-08-08T21:18:17.400Z", "object_repr": "A2A Cherokee checklist", "object_id": "3", "change_message": "", "user": 1, "content_type": 8}}, {"pk": 39, "model": "admin.logentry", "fields": {"action_flag": 3, "action_time": "2014-08-08T21:18:25.179Z", "object_repr": "A2A Cherokee checklist", "object_id": "3", "change_message": "", "user": 1, "content_type": 8}}, {"pk": 40, "model": "admin.logentry", "fields": {"action_flag": 1, "action_time": "2014-08-08T21:20:19.643Z", "object_repr": "A2A Cherokee checklist", "object_id": "3", "change_message": "", "user": 1, "content_type": 8}}, {"pk": 41, "model": "admin.logentry", "fields": {"action_flag": 2, "action_time": "2014-08-08T21:20:43.601Z", "object_repr": "A2A Cessna 172 checklist", "object_id": "2", "change_message": "Changed name for checklist phase \"Cessna Phase 1\".", "user": 1, "content_type": 8}}, {"pk": 42, "model": "admin.logentry", "fields": {"action_flag": 1, "action_time": "2014-08-08T21:22:35.328Z", "object_repr": "Aerosoft Airbus X Extended checklist", "object_id": "4", "change_message": "", "user": 1, "content_type": 8}}, {"pk": 43, "model": "admin.logentry", "fields": {"action_flag": 2, "action_time": "2014-08-09T12:18:56.731Z", "object_repr": "A2A Cessna 172 checklist", "object_id": "2", "change_message": "Changed name for checklist phase \"Cabin\".", "user": 1, "content_type": 8}}, {"pk": 44, "model": "admin.logentry", "fields": {"action_flag": 2, "action_time": "2014-08-09T12:23:38.031Z", "object_repr": "A2A Cessna 172 checklist", "object_id": "2", "change_message": "Added checklist phase \"Engine Starting\".", "user": 1, "content_type": 8}}, {"pk": 45, "model": "admin.logentry", "fields": {"action_flag": 2, "action_time": "2014-08-09T12:29:29.530Z", "object_repr": "A2A Cessna 172 checklist", "object_id": "2", "change_message": "Added checklist phase \"Before Takeoff\".", "user": 1, "content_type": 8}}, {"pk": 46, "model": "admin.logentry", "fields": {"action_flag": 2, "action_time": "2014-08-09T12:30:19.539Z", "object_repr": "A2A Cessna 172 checklist", "object_id": "2", "change_message": "No fields changed.", "user": 1, "content_type": 8}}, {"pk": 47, "model": "admin.logentry", "fields": {"action_flag": 2, "action_time": "2014-08-09T12:35:01.637Z", "object_repr": "A2A Cessna 172 checklist", "object_id": "2", "change_message": "Added checklist phase \"Takeoff\".", "user": 1, "content_type": 8}}, {"pk": 48, "model": "admin.logentry", "fields": {"action_flag": 2, "action_time": "2014-08-09T12:36:11.102Z", "object_repr": "A2A Cessna 172 checklist", "object_id": "2", "change_message": "Added checklist phase \"Enroute Climb\".", "user": 1, "content_type": 8}}, {"pk": 49, "model": "admin.logentry", "fields": {"action_flag": 2, "action_time": "2014-08-09T12:42:09.602Z", "object_repr": "A2A Cessna 172 checklist", "object_id": "2", "change_message": "Added checklist phase \"Cruise\". Added checklist phase \"Descent\". Added checklist phase \"Before Landing\".", "user": 1, "content_type": 8}}, {"pk": 50, "model": "admin.logentry", "fields": {"action_flag": 2, "action_time": "2014-08-09T12:45:18.303Z", "object_repr": "A2A Cessna 172 checklist", "object_id": "2", "change_message": "Added checklist phase \"Landing\".", "user": 1, "content_type": 8}}, {"pk": 51, "model": "admin.logentry", "fields": {"action_flag": 2, "action_time": "2014-08-09T12:47:31.338Z", "object_repr": "A2A Cessna 172 checklist", "object_id": "2", "change_message": "Added checklist phase \"After Landing\". Added checklist phase \"Securing Airplane\".", "user": 1, "content_type": 8}}, {"pk": 52, "model": "admin.logentry", "fields": {"action_flag": 2, "action_time": "2014-08-09T12:52:16.016Z", "object_repr": "A2A Cherokee checklist", "object_id": "3", "change_message": "Changed name for checklist phase \"Upon Entering Cabin\".", "user": 1, "content_type": 8}}, {"pk": 53, "model": "admin.logentry", "fields": {"action_flag": 2, "action_time": "2014-08-09T12:56:25.653Z", "object_repr": "A2A Cherokee checklist", "object_id": "3", "change_message": "Added checklist phase \"Engine Starting and Taxi\".", "user": 1, "content_type": 8}}, {"pk": 54, "model": "admin.logentry", "fields": {"action_flag": 2, "action_time": "2014-08-09T12:58:54.887Z", "object_repr": "A2A Cherokee checklist", "object_id": "3", "change_message": "Added checklist phase \"Ground Check\".", "user": 1, "content_type": 8}}, {"pk": 55, "model": "admin.logentry", "fields": {"action_flag": 2, "action_time": "2014-08-09T13:00:44.778Z", "object_repr": "A2A Cherokee checklist", "object_id": "3", "change_message": "Added checklist phase \"Takeoff\".", "user": 1, "content_type": 8}}, {"pk": 56, "model": "admin.logentry", "fields": {"action_flag": 2, "action_time": "2014-08-09T13:02:37.509Z", "object_repr": "A2A Cherokee checklist", "object_id": "3", "change_message": "Added checklist phase \"Climb\".", "user": 1, "content_type": 8}}, {"pk": 57, "model": "admin.logentry", "fields": {"action_flag": 2, "action_time": "2014-08-09T13:04:47.671Z", "object_repr": "A2A Cherokee checklist", "object_id": "3", "change_message": "Added checklist phase \"Cruise\".", "user": 1, "content_type": 8}}, {"pk": 58, "model": "admin.logentry", "fields": {"action_flag": 2, "action_time": "2014-08-09T13:07:53.237Z", "object_repr": "A2A Cherokee checklist", "object_id": "3", "change_message": "Added checklist phase \"Descent\". Added checklist phase \"Landing\".", "user": 1, "content_type": 8}}, {"pk": 59, "model": "admin.logentry", "fields": {"action_flag": 2, "action_time": "2014-08-09T13:15:35.716Z", "object_repr": "A2A Cherokee checklist", "object_id": "3", "change_message": "Added checklist phase \"AFTER LANDING\". Added checklist phase \"Shutdown\".", "user": 1, "content_type": 8}}, {"pk": 60, "model": "admin.logentry", "fields": {"action_flag": 2, "action_time": "2014-08-09T13:16:34.564Z", "object_repr": "A2A Cherokee checklist", "object_id": "3", "change_message": "Changed name for checklist phase \"After Landing\".", "user": 1, "content_type": 8}}, {"pk": 61, "model": "admin.logentry", "fields": {"action_flag": 2, "action_time": "2014-08-09T13:26:38.469Z", "object_repr": "A2A Cherokee checklist", "object_id": "3", "change_message": "No fields changed.", "user": 1, "content_type": 8}}]